710,CHINA,713,"TAIWAN, PROVINCE OF CHINA",200501,1,0,60,710
710,CHINA,713,"TAIWAN, PROVINCE OF CHINA",200501,1,1,302,710
710,CHINA,816,VIETNAM,200501,1,1,24,710
710,CHINA,830,SINGAPORE,200501,1,1,11,710
710,HONG KONG,840,PHILIPPINES,200501,1,1,30,710
710,HONG KONG,850,INDONESIA,200501,0,1,13,710
710,CHINA,850,INDONESIA,200501,1,1,70,850
713,"TAIWAN, PROVINCE OF CHINA",710,CHINA,200501,0,0,13,713
713,"TAIWAN, PROVINCE OF CHINA",710,CHINA,200501,1,0,41,710
713,"TAIWAN, PROVINCE OF CHINA",710,CHINA,200501,1,1,358,710
816,VIETNAM,710,CHINA,200501,1,1,23,710
820,MALAYSIA,850,INDONESIA,200501,1,1,36,850
830,SINGAPORE,710,CHINA,200501,1,1,17,830
830,SINGAPORE,850,INDONESIA,200501,1,1,39,850
840,PHILIPPINES,710,CHINA,200501,1,1,39,840
840,PHILIPPINES,850,INDONESIA,200501,1,1,20,850
850,INDONESIA,710,CHINA,200501,1,1,52,850
850,INDONESIA,820,MALAYSIA,200501,1,1,27,850
850,INDONESIA,830,SINGAPORE,200501,1,1,40,850
850,INDONESIA,840,PHILIPPINES,200501,1,1,13,840
710,CHINA,713,"TAIWAN, PROVINCE OF CHINA",200502,0,0,12,713
710,CHINA,713,"TAIWAN, PROVINCE OF CHINA",200502,1,0,18,713
710,CHINA,713,"TAIWAN, PROVINCE OF CHINA",200502,1,1,124,710
710,CHINA,820,MALAYSIA,200502,1,1,18,710
710,CHINA,830,SINGAPORE,200502,1,1,15,710
713,"TAIWAN, PROVINCE OF CHINA",710,CHINA,200502,1,0,25,710
713,"TAIWAN, PROVINCE OF CHINA",710,CHINA,200502,1,1,159,710
820,MALAYSIA,710,CHINA,200502,1,1,20,820
820,MALAYSIA,850,INDONESIA,200502,1,1,97,850
830,SINGAPORE,710,CHINA,200502,1,1,16,710
830,SINGAPORE,820,MALAYSIA,200502,1,1,11,850
830,SINGAPORE,850,INDONESIA,200502,1,1,86,850
840,PHILIPPINES,820,MALAYSIA,200502,1,1,15,840
850,INDONESIA,820,MALAYSIA,200502,1,0,13,820
850,INDONESIA,820,MALAYSIA,200502,1,1,98,850
850,INDONESIA,830,SINGAPORE,200502,1,1,101,850
710,CHINA,713,"TAIWAN, PROVINCE OF CHINA",200503,0,0,56,710
710,CHINA,713,"TAIWAN, PROVINCE OF CHINA",200503,1,0,106,710
710,CHINA,713,"TAIWAN, PROVINCE OF CHINA",200503,1,1,305,713
710,CHINA,816,VIETNAM,200503,1,1,22,710
710,CHINA,820,MALAYSIA,200503,1,1,22,710
710,CHINA,830,SINGAPORE,200503,1,1,26,710
710,CHINA,840,PHILIPPINES,200503,1,1,32,710
710,CHINA,850,INDONESIA,200503,1,1,28,850
713,"TAIWAN, PROVINCE OF CHINA",710,CHINA,200503,0,0,109,713
713,"TAIWAN, PROVINCE OF CHINA",710,CHINA,200503,1,0,203,713
713,"TAIWAN, PROVINCE OF CHINA",710,CHINA,200503,1,1,474,713
816,VIETNAM,710,CHINA,200503,1,1,27,816
820,MALAYSIA,710,CHINA,200503,1,1,23,710
820,MALAYSIA,830,SINGAPORE,200503,1,1,21,820
820,MALAYSIA,840,PHILIPPINES,200503,1,1,26,840
820,MALAYSIA,850,INDONESIA,200503,0,0,16,850
820,MALAYSIA,850,INDONESIA,200503,1,0,14,850
820,MALAYSIA,850,INDONESIA,200503,1,1,167,820
830,SINGAPORE,710,CHINA,200503,1,1,33,710
830,SINGAPORE,820,MALAYSIA,200503,1,1,19,820
830,SINGAPORE,835,BRUNEI,200503,1,1,13,830
830,SINGAPORE,850,INDONESIA,200503,1,1,23,850
835,BRUNEI,830,SINGAPORE,200503,1,1,14,835
840,PHILIPPINES,710,CHINA,200503,1,1,24,840
840,PHILIPPINES,816,VIETNAM,200503,1,1,11,816
840,PHILIPPINES,820,MALAYSIA,200503,1,1,30,840
840,PHILIPPINES,850,INDONESIA,200503,0,0,17,840
850,INDONESIA,820,MALAYSIA,200503,0,0,28,850
850,INDONESIA,820,MALAYSIA,200503,1,0,17,820
850,INDONESIA,820,MALAYSIA,200503,1,1,138,850
850,INDONESIA,830,SINGAPORE,200503,1,1,21,850
710,CHINA,713,"TAIWAN, PROVINCE OF CHINA",200504,0,0,14,710
710,CHINA,713,"TAIWAN, PROVINCE OF CHINA",200504,1,0,82,713
710,CHINA,713,"TAIWAN, PROVINCE OF CHINA",200504,1,1,1608,710
710,CHINA,816,VIETNAM,200504,1,1,26,710
710,CHINA,835,BRUNEI,200504,1,1,68,710
710,CHINA,840,PHILIPPINES,200504,1,1,133,710
710,CHINA,850,INDONESIA,200504,1,1,207,710
713,"TAIWAN, PROVINCE OF CHINA",710,CHINA,200504,0,0,11,710
713,"TAIWAN, PROVINCE OF CHINA",710,CHINA,200504,1,0,83,710
713,"TAIWAN, PROVINCE OF CHINA",710,CHINA,200504,1,1,2117,710
713,"TAIWAN, PROVINCE OF CHINA",830,SINGAPORE,200504,1,1,36,713
816,VIETNAM,710,CHINA,200504,1,1,26,816
816,VIETNAM,850,INDONESIA,200504,1,1,22,850
820,MALAYSIA,830,SINGAPORE,200504,1,1,47,820
820,MALAYSIA,840,PHILIPPINES,200504,1,1,56,840
820,MALAYSIA,850,INDONESIA,200504,0,0,12,850
820,MALAYSIA,850,INDONESIA,200504,1,1,68,850
830,SINGAPORE,710,CHINA,200504,1,1,24,830
830,SINGAPORE,713,"TAIWAN, PROVINCE OF CHINA",200504,1,1,50,830
830,SINGAPORE,820,MALAYSIA,200504,1,1,54,820
830,SINGAPORE,850,INDONESIA,200504,1,1,31,850
835,BRUNEI,710,CHINA,200504,1,1,40,850
840,PHILIPPINES,710,CHINA,200504,1,1,112,840
840,PHILIPPINES,820,MALAYSIA,200504,1,1,51,840
850,INDONESIA,710,CHINA,200504,1,1,170,850
850,INDONESIA,816,VIETNAM,200504,1,1,11,850
850,INDONESIA,820,MALAYSIA,200504,1,1,50,850
850,INDONESIA,830,SINGAPORE,200504,1,1,27,850
710,CHINA,713,"TAIWAN, PROVINCE OF CHINA",200505,1,0,60,713
710,CHINA,713,"TAIWAN, PROVINCE OF CHINA",200505,1,1,1325,710
710,CHINA,820,MALAYSIA,200505,1,1,53,820
710,CHINA,830,SINGAPORE,200505,0,0,11,710
710,CHINA,830,SINGAPORE,200505,1,1,85,710
710,HONG KONG,840,PHILIPPINES,200505,1,1,12,710
710,CHINA,850,INDONESIA,200505,1,1,26,850
713,"TAIWAN, PROVINCE OF CHINA",710,CHINA,200505,1,0,113,710
713,"TAIWAN, PROVINCE OF CHINA",710,CHINA,200505,1,1,1643,710
713,"TAIWAN, PROVINCE OF CHINA",840,PHILIPPINES,200505,1,1,27,840
713,"TAIWAN, PROVINCE OF CHINA",850,INDONESIA,200505,1,1,15,850
816,VIETNAM,850,INDONESIA,200505,1,1,55,816
820,MALAYSIA,710,CHINA,200505,1,1,41,820
820,MALAYSIA,850,INDONESIA,200505,1,1,59,820
830,SINGAPORE,710,CHINA,200505,1,1,56,710
830,SINGAPORE,850,INDONESIA,200505,1,1,19,850
840,PHILIPPINES,713,"TAIWAN, PROVINCE OF CHINA",200505,1,1,20,840
850,INDONESIA,710,CHINA,200505,1,1,39,710
850,INDONESIA,816,VIETNAM,200505,1,1,50,816
850,INDONESIA,820,MALAYSIA,200505,1,1,57,850
850,INDONESIA,830,SINGAPORE,200505,1,1,26,850
850,INDONESIA,840,PHILIPPINES,200505,1,1,14,850
710,HONG KONG,713,"TAIWAN, PROVINCE OF CHINA",200506,1,0,37,710
710,CHINA,713,"TAIWAN, PROVINCE OF CHINA",200506,1,1,190,713
710,CHINA,830,SINGAPORE,200506,1,1,29,710
710,HONG KONG,840,PHILIPPINES,200506,1,1,19,710
710,CHINA,850,INDONESIA,200506,1,1,16,710
713,"TAIWAN, PROVINCE OF CHINA",710,CHINA,200506,1,0,19,710
713,"TAIWAN, PROVINCE OF CHINA",710,CHINA,200506,1,1,315,710
816,VIETNAM,850,INDONESIA,200506,1,1,27,816
820,MALAYSIA,830,SINGAPORE,200506,1,1,18,820
820,MALAYSIA,850,INDONESIA,200506,1,1,28,850
830,SINGAPORE,710,CHINA,200506,1,1,20,710
830,SINGAPORE,820,MALAYSIA,200506,1,1,17,830
830,SINGAPORE,850,INDONESIA,200506,1,1,20,850
840,PHILIPPINES,710,CHINA,200506,1,1,28,710
840,PHILIPPINES,850,INDONESIA,200506,0,1,14,840
840,PHILIPPINES,850,INDONESIA,200506,1,1,40,840
850,INDONESIA,816,VIETNAM,200506,1,1,19,816
850,INDONESIA,820,MALAYSIA,200506,1,1,22,850
850,INDONESIA,830,SINGAPORE,200506,1,1,20,850
850,INDONESIA,840,PHILIPPINES,200506,1,1,41,840
710,CHINA,713,"TAIWAN, PROVINCE OF CHINA",200507,0,0,11,713
710,CHINA,713,"TAIWAN, PROVINCE OF CHINA",200507,1,0,33,713
710,CHINA,713,"TAIWAN, PROVINCE OF CHINA",200507,1,1,261,710
710,CHINA,816,VIETNAM,200507,1,1,184,710
710,CHINA,840,PHILIPPINES,200507,1,1,17,710
710,CHINA,850,INDONESIA,200507,1,1,116,710
713,"TAIWAN, PROVINCE OF CHINA",710,CHINA,200507,1,0,32,710
713,"TAIWAN, PROVINCE OF CHINA",710,CHINA,200507,1,1,321,710
816,VIETNAM,710,CHINA,200507,1,1,228,710
840,PHILIPPINES,710,CHINA,200507,1,1,17,840
840,PHILIPPINES,820,MALAYSIA,200507,1,1,19,840
850,INDONESIA,710,CHINA,200507,1,1,185,850
850,INDONESIA,820,MALAYSIA,200507,1,1,13,850
710,HONG KONG,713,"TAIWAN, PROVINCE OF CHINA",200508,1,0,28,710
710,CHINA,713,"TAIWAN, PROVINCE OF CHINA",200508,1,1,126,710
710,CHINA,816,VIETNAM,200508,1,1,31,710
710,CHINA,830,SINGAPORE,200508,1,1,20,710
710,CHINA,850,INDONESIA,200508,1,1,39,710
713,"TAIWAN, PROVINCE OF CHINA",710,CHINA,200508,1,0,12,710
713,"TAIWAN, PROVINCE OF CHINA",710,CHINA,200508,1,1,172,710
816,VIETNAM,710,CHINA,200508,1,1,32,710
820,MALAYSIA,710,CHINA,200508,1,1,13,820
820,MALAYSIA,830,SINGAPORE,200508,1,1,23,850
820,MALAYSIA,835,BRUNEI,200508,1,1,11,820
820,MALAYSIA,850,INDONESIA,200508,1,1,59,850
830,SINGAPORE,820,MALAYSIA,200508,1,1,24,850
830,SINGAPORE,850,INDONESIA,200508,1,1,23,850
840,PHILIPPINES,820,MALAYSIA,200508,1,1,12,820
850,INDONESIA,710,CHINA,200508,1,1,51,850
850,INDONESIA,820,MALAYSIA,200508,1,1,41,850
850,INDONESIA,830,SINGAPORE,200508,1,1,22,850
710,CHINA,713,"TAIWAN, PROVINCE OF CHINA",200509,1,0,33,710
710,CHINA,713,"TAIWAN, PROVINCE OF CHINA",200509,1,1,146,710
710,CHINA,816,VIETNAM,200509,1,1,22,710
710,CHINA,820,MALAYSIA,200509,1,1,30,710
710,CHINA,830,SINGAPORE,200509,1,1,30,710
710,CHINA,835,BRUNEI,200509,1,1,11,710
710,CHINA,850,INDONESIA,200509,1,1,34,850
713,"TAIWAN, PROVINCE OF CHINA",710,CHINA,200509,1,1,157,713
816,VIETNAM,710,CHINA,200509,1,1,19,816
820,MALAYSIA,710,CHINA,200509,1,1,22,710
820,MALAYSIA,830,SINGAPORE,200509,1,1,14,820
820,MALAYSIA,840,PHILIPPINES,200509,1,1,14,840
830,SINGAPORE,710,CHINA,200509,1,1,37,820
830,SINGAPORE,820,MALAYSIA,200509,1,1,16,820
850,INDONESIA,710,CHINA,200509,0,0,31,850
850,INDONESIA,710,CHINA,200509,1,1,15,850
850,INDONESIA,820,MALAYSIA,200509,1,1,12,850
850,INDONESIA,830,SINGAPORE,200509,1,1,13,850
710,CHINA,713,"TAIWAN, PROVINCE OF CHINA",200510,1,0,66,713
710,CHINA,713,"TAIWAN, PROVINCE OF CHINA",200510,1,1,239,713
710,CHINA,816,VIETNAM,200510,1,1,175,710
710,CHINA,830,SINGAPORE,200510,1,1,99,710
710,CHINA,850,INDONESIA,200510,1,1,17,710
713,"TAIWAN, PROVINCE OF CHINA",710,CHINA,200510,1,0,29,710
713,"TAIWAN, PROVINCE OF CHINA",710,CHINA,200510,1,1,274,713
816,VIETNAM,710,CHINA,200510,1,1,109,816
816,VIETNAM,820,MALAYSIA,200510,1,1,16,816
820,MALAYSIA,816,VIETNAM,200510,1,1,15,820
820,MALAYSIA,850,INDONESIA,200510,1,1,29,820
830,SINGAPORE,710,CHINA,200510,1,1,118,710
830,SINGAPORE,850,INDONESIA,200510,1,1,52,850
850,INDONESIA,820,MALAYSIA,200510,1,1,12,850
850,INDONESIA,830,SINGAPORE,200510,1,1,34,850
710,CHINA,713,"TAIWAN, PROVINCE OF CHINA",200511,1,0,22,713
710,CHINA,713,"TAIWAN, PROVINCE OF CHINA",200511,1,1,172,710
710,CHINA,816,VIETNAM,200511,1,1,226,816
710,CHINA,820,MALAYSIA,200511,1,1,37,820
710,CHINA,830,SINGAPORE,200511,1,1,21,710
710,CHINA,840,PHILIPPINES,200511,1,1,19,710
713,"TAIWAN, PROVINCE OF CHINA",710,CHINA,200511,1,0,28,713
713,"TAIWAN, PROVINCE OF CHINA",710,CHINA,200511,1,1,219,710
816,VIETNAM,710,CHINA,200511,1,1,212,816
820,MALAYSIA,710,CHINA,200511,1,1,22,710
820,MALAYSIA,850,INDONESIA,200511,1,1,30,850
830,SINGAPORE,710,CHINA,200511,1,1,16,710
840,PHILIPPINES,710,CHINA,200511,1,1,16,840
840,PHILIPPINES,713,"TAIWAN, PROVINCE OF CHINA",200511,1,1,16,713
850,INDONESIA,820,MALAYSIA,200511,1,1,12,850
710,CHINA,713,"TAIWAN, PROVINCE OF CHINA",200512,1,0,23,710
710,CHINA,713,"TAIWAN, PROVINCE OF CHINA",200512,1,1,88,713
710,CHINA,816,VIETNAM,200512,1,1,18,816
710,CHINA,820,MALAYSIA,200512,1,1,125,820
710,CHINA,840,PHILIPPINES,200512,1,1,11,820
710,CHINA,850,INDONESIA,200512,1,1,32,710
713,"TAIWAN, PROVINCE OF CHINA",710,CHINA,200512,1,1,161,710
816,VIETNAM,710,CHINA,200512,1,1,15,816
816,VIETNAM,830,SINGAPORE,200512,1,1,16,816
820,MALAYSIA,710,CHINA,200512,1,1,125,710
820,MALAYSIA,840,PHILIPPINES,200512,1,1,24,820
820,MALAYSIA,850,INDONESIA,200512,1,1,32,850
840,PHILIPPINES,710,CHINA,200512,1,1,13,816
840,PHILIPPINES,820,MALAYSIA,200512,1,1,24,820
850,INDONESIA,710,CHINA,200512,1,1,31,850
850,INDONESIA,820,MALAYSIA,200512,1,1,37,820
710,CHINA,713,"TAIWAN, PROVINCE OF CHINA",200601,0,0,11,710
710,CHINA,713,"TAIWAN, PROVINCE OF CHINA",200601,1,0,41,713
710,CHINA,713,"TAIWAN, PROVINCE OF CHINA",200601,1,1,119,710
710,CHINA,816,VIETNAM,200601,1,1,13,710
710,CHINA,840,PHILIPPINES,200601,1,1,12,710
713,"TAIWAN, PROVINCE OF CHINA",710,CHINA,200601,1,0,22,713
713,"TAIWAN, PROVINCE OF CHINA",710,CHINA,200601,1,1,172,710
816,VIETNAM,710,CHINA,200601,1,1,13,816
820,MALAYSIA,830,SINGAPORE,200601,1,1,20,820
820,MALAYSIA,850,INDONESIA,200601,1,1,55,820
850,INDONESIA,820,MALAYSIA,200601,1,1,47,850
710,CHINA,713,"TAIWAN, PROVINCE OF CHINA",200602,1,0,94,713
710,CHINA,713,"TAIWAN, PROVINCE OF CHINA",200602,1,1,159,713
710,CHINA,840,PHILIPPINES,200602,1,1,27,840
713,"TAIWAN, PROVINCE OF CHINA",710,CHINA,200602,0,1,13,713
713,"TAIWAN, PROVINCE OF CHINA",710,CHINA,200602,1,0,35,713
713,"TAIWAN, PROVINCE OF CHINA",710,CHINA,200602,1,1,112,710
816,VIETNAM,710,HONG KONG,200602,1,1,26,816
816,VIETNAM,830,SINGAPORE,200602,1,1,11,816
816,VIETNAM,850,INDONESIA,200602,1,1,67,816
820,MALAYSIA,830,SINGAPORE,200602,1,1,19,830
820,MALAYSIA,840,PHILIPPINES,200602,1,1,21,820
820,MALAYSIA,850,INDONESIA,200602,1,1,13,850
830,SINGAPORE,710,CHINA,200602,1,1,12,830
830,SINGAPORE,816,VIETNAM,200602,1,1,15,816
830,SINGAPORE,820,MALAYSIA,200602,1,1,24,830
830,SINGAPORE,840,PHILIPPINES,200602,1,1,18,840
830,SINGAPORE,850,INDONESIA,200602,1,1,29,830
835,BRUNEI,850,INDONESIA,200602,1,1,14,835
840,PHILIPPINES,820,MALAYSIA,200602,1,1,19,840
850,INDONESIA,816,VIETNAM,200602,1,1,53,850
850,INDONESIA,820,MALAYSIA,200602,1,1,15,850
850,INDONESIA,830,SINGAPORE,200602,1,1,24,850
850,INDONESIA,835,BRUNEI,200602,1,1,25,850
710,CHINA,713,"TAIWAN, PROVINCE OF CHINA",200603,0,0,14,713
710,CHINA,713,"TAIWAN, PROVINCE OF CHINA",200603,1,0,170,713
710,CHINA,713,"TAIWAN, PROVINCE OF CHINA",200603,1,1,159,710
710,CHINA,816,VIETNAM,200603,1,1,77,816
710,CHINA,820,MALAYSIA,200603,1,1,40,820
710,CHINA,850,INDONESIA,200603,1,1,43,710
713,"TAIWAN, PROVINCE OF CHINA",710,CHINA,200603,0,0,20,713
713,"TAIWAN, PROVINCE OF CHINA",710,CHINA,200603,0,1,11,713
713,"TAIWAN, PROVINCE OF CHINA",710,CHINA,200603,1,0,58,710
713,"TAIWAN, PROVINCE OF CHINA",710,CHINA,200603,1,1,255,713
816,VIETNAM,710,CHINA,200603,1,1,81,816
816,VIETNAM,820,MALAYSIA,200603,1,1,31,816
816,VIETNAM,835,BRUNEI,200603,1,1,15,835
820,MALAYSIA,710,CHINA,200603,1,1,28,820
820,MALAYSIA,816,VIETNAM,200603,1,1,43,820
820,MALAYSIA,830,SINGAPORE,200603,1,1,26,820
820,MALAYSIA,850,INDONESIA,200603,1,1,13,820
830,SINGAPORE,820,MALAYSIA,200603,1,1,21,820
830,SINGAPORE,850,INDONESIA,200603,1,1,70,850
835,BRUNEI,816,VIETNAM,200603,1,1,29,816
840,PHILIPPINES,820,MALAYSIA,200603,1,1,11,840
850,INDONESIA,710,CHINA,200603,1,1,34,850
850,INDONESIA,820,MALAYSIA,200603,1,1,12,850
850,INDONESIA,830,SINGAPORE,200603,1,1,52,850
710,CHINA,713,"TAIWAN, PROVINCE OF CHINA",200604,0,0,11,713
710,CHINA,713,"TAIWAN, PROVINCE OF CHINA",200604,1,0,41,713
710,CHINA,713,"TAIWAN, PROVINCE OF CHINA",200604,1,1,450,710
710,CHINA,816,VIETNAM,200604,1,1,59,710
710,CHINA,820,MALAYSIA,200604,1,1,50,710
710,CHINA,830,SINGAPORE,200604,1,1,70,710
710,CHINA,840,PHILIPPINES,200604,1,1,21,840
710,CHINA,850,INDONESIA,200604,1,1,35,710
713,"TAIWAN, PROVINCE OF CHINA",710,CHINA,200604,0,0,12,713
713,"TAIWAN, PROVINCE OF CHINA",710,CHINA,200604,0,1,16,710
713,"TAIWAN, PROVINCE OF CHINA",710,CHINA,200604,1,0,76,713
713,"TAIWAN, PROVINCE OF CHINA",710,CHINA,200604,1,1,608,713
713,"TAIWAN, PROVINCE OF CHINA",830,SINGAPORE,200604,1,1,12,713
816,VIETNAM,710,CHINA,200604,1,1,66,816
820,MALAYSIA,710,CHINA,200604,1,1,58,820
820,MALAYSIA,830,SINGAPORE,200604,1,1,18,820
820,MALAYSIA,840,PHILIPPINES,200604,1,1,12,820
820,MALAYSIA,850,INDONESIA,200604,1,1,16,850
830,SINGAPORE,710,CHINA,200604,1,1,95,710
830,SINGAPORE,820,MALAYSIA,200604,1,1,19,830
830,SINGAPORE,850,INDONESIA,200604,1,1,11,850
840,PHILIPPINES,710,CHINA,200604,1,1,15,840
840,PHILIPPINES,820,MALAYSIA,200604,1,1,15,820
850,INDONESIA,710,CHINA,200604,1,1,42,710
850,INDONESIA,820,MALAYSIA,200604,1,1,21,850
710,CHINA,713,"TAIWAN, PROVINCE OF CHINA",200605,1,0,35,710
710,CHINA,713,"TAIWAN, PROVINCE OF CHINA",200605,1,1,61,710
710,CHINA,816,VIETNAM,200605,0,1,11,710
710,CHINA,816,VIETNAM,200605,1,1,34,710
710,CHINA,820,MALAYSIA,200605,1,1,16,820
710,HONG KONG,830,SINGAPORE,200605,1,1,48,710
710,CHINA,840,PHILIPPINES,200605,1,1,16,710
710,CHINA,850,INDONESIA,200605,0,1,14,710
710,CHINA,850,INDONESIA,200605,1,1,47,713
713,"TAIWAN, PROVINCE OF CHINA",710,CHINA,200605,1,0,36,713
713,"TAIWAN, PROVINCE OF CHINA",710,CHINA,200605,1,1,103,713
713,"TAIWAN, PROVINCE OF CHINA",830,SINGAPORE,200605,1,1,41,713
713,"TAIWAN, PROVINCE OF CHINA",840,PHILIPPINES,200605,1,1,12,840
713,"TAIWAN, PROVINCE OF CHINA",850,INDONESIA,200605,1,1,37,850
816,VIETNAM,710,CHINA,200605,1,1,22,816
816,VIETNAM,840,PHILIPPINES,200605,1,1,11,816
820,MALAYSIA,710,CHINA,200605,1,1,12,820
820,MALAYSIA,840,PHILIPPINES,200605,1,1,20,820
820,MALAYSIA,850,INDONESIA,200605,1,1,36,820
830,SINGAPORE,710,CHINA,200605,1,1,38,830
830,SINGAPORE,713,"TAIWAN, PROVINCE OF CHINA",200605,1,1,35,713
830,SINGAPORE,850,INDONESIA,200605,1,1,27,850
840,PHILIPPINES,710,CHINA,200605,1,1,12,840
840,PHILIPPINES,816,VIETNAM,200605,1,1,12,816
840,PHILIPPINES,820,MALAYSIA,200605,1,1,18,840
840,PHILIPPINES,850,INDONESIA,200605,1,1,12,840
850,INDONESIA,710,CHINA,200605,1,1,23,850
850,INDONESIA,713,"TAIWAN, PROVINCE OF CHINA",200605,1,0,14,850
850,INDONESIA,713,"TAIWAN, PROVINCE OF CHINA",200605,1,1,28,850
850,INDONESIA,820,MALAYSIA,200605,1,1,30,850
850,INDONESIA,830,SINGAPORE,200605,1,1,15,850
710,CHINA,713,"TAIWAN, PROVINCE OF CHINA",200606,1,0,21,713
710,CHINA,713,"TAIWAN, PROVINCE OF CHINA",200606,1,1,68,713
710,CHINA,816,VIETNAM,200606,1,1,25,816
710,CHINA,840,PHILIPPINES,200606,1,1,19,710
710,CHINA,850,INDONESIA,200606,0,1,15,850
710,CHINA,850,INDONESIA,200606,1,1,63,710
713,"TAIWAN, PROVINCE OF CHINA",710,CHINA,200606,1,0,14,710
713,"TAIWAN, PROVINCE OF CHINA",710,CHINA,200606,1,1,96,713
816,VIETNAM,710,CHINA,200606,1,1,18,816
820,MALAYSIA,830,SINGAPORE,200606,1,1,11,820
820,MALAYSIA,850,INDONESIA,200606,0,0,12,820
820,MALAYSIA,850,INDONESIA,200606,1,1,22,820
830,SINGAPORE,850,INDONESIA,200606,1,1,35,850
840,PHILIPPINES,710,CHINA,200606,1,1,33,710
850,INDONESIA,710,CHINA,200606,1,1,39,850
850,INDONESIA,820,MALAYSIA,200606,1,1,14,820
850,INDONESIA,830,SINGAPORE,200606,1,1,49,850
710,CHINA,713,"TAIWAN, PROVINCE OF CHINA",200607,1,1,68,710
710,CHINA,820,MALAYSIA,200607,1,1,26,820
710,CHINA,830,SINGAPORE,200607,1,1,72,710
713,"TAIWAN, PROVINCE OF CHINA",710,CHINA,200607,1,1,83,713
820,MALAYSIA,850,INDONESIA,200607,1,1,36,850
830,SINGAPORE,710,CHINA,200607,1,1,43,710
850,INDONESIA,820,MALAYSIA,200607,1,1,36,850
710,CHINA,713,"TAIWAN, PROVINCE OF CHINA",200608,0,0,12,713
710,CHINA,713,"TAIWAN, PROVINCE OF CHINA",200608,1,0,20,710
710,CHINA,713,"TAIWAN, PROVINCE OF CHINA",200608,1,1,110,713
710,CHINA,816,VIETNAM,200608,1,1,230,710
710,CHINA,830,SINGAPORE,200608,0,0,19,710
710,CHINA,830,SINGAPORE,200608,1,1,76,710
713,"TAIWAN, PROVINCE OF CHINA",710,CHINA,200608,1,0,53,710
713,"TAIWAN, PROVINCE OF CHINA",710,CHINA,200608,1,1,188,713
816,VIETNAM,710,CHINA,200608,1,1,264,710
820,MALAYSIA,835,BRUNEI,200608,1,1,13,820
820,MALAYSIA,850,INDONESIA,200608,1,1,17,820
830,SINGAPORE,710,CHINA,200608,1,1,64,710
830,SINGAPORE,850,INDONESIA,200608,1,1,28,830
835,BRUNEI,820,MALAYSIA,200608,1,1,16,820
850,INDONESIA,820,MALAYSIA,200608,1,1,24,820
850,INDONESIA,830,SINGAPORE,200608,1,1,30,850
710,CHINA,713,"TAIWAN, PROVINCE OF CHINA",200609,1,0,51,713
710,CHINA,713,"TAIWAN, PROVINCE OF CHINA",200609,1,1,100,710
710,CHINA,816,VIETNAM,200609,1,1,43,710
710,CHINA,830,SINGAPORE,200609,0,0,15,710
710,CHINA,830,SINGAPORE,200609,1,1,12,710
710,CHINA,835,BRUNEI,200609,1,1,22,710
713,"TAIWAN, PROVINCE OF CHINA",710,CHINA,200609,1,0,17,710
713,"TAIWAN, PROVINCE OF CHINA",710,HONG KONG,200609,1,1,112,713
816,VIETNAM,710,CHINA,200609,1,1,33,710
816,VIETNAM,830,SINGAPORE,200609,1,1,22,816
820,MALAYSIA,830,SINGAPORE,200609,1,1,28,820
820,MALAYSIA,840,PHILIPPINES,200609,1,1,15,816
830,SINGAPORE,710,CHINA,200609,1,1,19,710
830,SINGAPORE,816,VIETNAM,200609,1,1,13,816
830,SINGAPORE,820,MALAYSIA,200609,1,1,26,830
830,SINGAPORE,850,INDONESIA,200609,1,1,31,830
835,BRUNEI,710,CHINA,200609,1,1,14,710
840,PHILIPPINES,820,MALAYSIA,200609,1,1,19,840
850,INDONESIA,830,SINGAPORE,200609,1,1,35,850
710,CHINA,713,"TAIWAN, PROVINCE OF CHINA",200610,1,0,26,710
710,CHINA,713,"TAIWAN, PROVINCE OF CHINA",200610,1,1,113,710
710,MACAO,816,VIETNAM,200610,1,1,88,816
710,CHINA,820,MALAYSIA,200610,1,1,12,820
710,CHINA,830,SINGAPORE,200610,1,1,37,710
710,CHINA,840,PHILIPPINES,200610,1,1,57,710
710,CHINA,850,INDONESIA,200610,1,1,37,710
713,"TAIWAN, PROVINCE OF CHINA",710,CHINA,200610,0,0,14,713
713,"TAIWAN, PROVINCE OF CHINA",710,CHINA,200610,1,0,19,710
713,"TAIWAN, PROVINCE OF CHINA",710,CHINA,200610,1,1,166,710
816,VIETNAM,710,CHINA,200610,1,1,91,816
820,MALAYSIA,710,CHINA,200610,1,1,34,820
830,SINGAPORE,710,CHINA,200610,1,1,56,830
830,SINGAPORE,820,MALAYSIA,200610,1,1,21,820
830,SINGAPORE,850,INDONESIA,200610,1,1,13,830
840,PHILIPPINES,710,CHINA,200610,1,1,71,840
850,INDONESIA,710,CHINA,200610,1,1,59,710
710,CHINA,713,"TAIWAN, PROVINCE OF CHINA",200611,0,0,14,816
710,CHINA,713,"TAIWAN, PROVINCE OF CHINA",200611,1,0,19,713
710,CHINA,713,"TAIWAN, PROVINCE OF CHINA",200611,1,1,106,713
710,CHINA,816,VIETNAM,200611,1,1,358,816
710,CHINA,830,SINGAPORE,200611,1,0,22,710
710,CHINA,830,SINGAPORE,200611,1,1,14,710
710,CHINA,840,PHILIPPINES,200611,1,1,24,840
710,CHINA,850,INDONESIA,200611,1,1,11,850
713,"TAIWAN, PROVINCE OF CHINA",710,CHINA,200611,1,0,12,710
713,"TAIWAN, PROVINCE OF CHINA",710,CHINA,200611,1,1,84,710
713,"TAIWAN, PROVINCE OF CHINA",816,VIETNAM,200611,1,1,19,816
816,VIETNAM,710,CHINA,200611,1,1,278,710
816,VIETNAM,713,"TAIWAN, PROVINCE OF CHINA",200611,1,1,20,816
816,VIETNAM,830,SINGAPORE,200611,1,1,14,840
816,VIETNAM,840,PHILIPPINES,200611,1,1,11,840
820,MALAYSIA,850,INDONESIA,200611,1,1,11,820
830,SINGAPORE,710,CHINA,200611,1,1,18,710
830,SINGAPORE,850,INDONESIA,200611,1,1,14,850
840,PHILIPPINES,710,CHINA,200611,1,1,27,710
840,PHILIPPINES,816,VIETNAM,200611,1,1,13,840
710,CHINA,713,"TAIWAN, PROVINCE OF CHINA",200612,1,0,17,710
710,CHINA,713,"TAIWAN, PROVINCE OF CHINA",200612,1,1,85,713
710,CHINA,830,SINGAPORE,200612,1,1,15,710
710,CHINA,840,PHILIPPINES,200612,1,1,35,710
713,"TAIWAN, PROVINCE OF CHINA",710,CHINA,200612,1,0,11,710
713,"TAIWAN, PROVINCE OF CHINA",710,CHINA,200612,1,1,66,713
816,VIETNAM,830,SINGAPORE,200612,1,1,18,816
820,MALAYSIA,816,VIETNAM,200612,1,1,14,820
820,MALAYSIA,850,INDONESIA,200612,1,1,21,820
830,SINGAPORE,816,VIETNAM,200612,1,1,29,830
830,SINGAPORE,820,MALAYSIA,200612,1,1,17,820
840,PHILIPPINES,710,CHINA,200612,1,1,15,840
850,INDONESIA,820,MALAYSIA,200612,1,1,17,850
710,CHINA,713,"TAIWAN, PROVINCE OF CHINA",200701,0,0,19,713
710,CHINA,713,"TAIWAN, PROVINCE OF CHINA",200701,1,0,41,710
710,CHINA,713,"TAIWAN, PROVINCE OF CHINA",200701,1,1,81,710
710,CHINA,840,PHILIPPINES,200701,1,1,150,840
710,CHINA,850,INDONESIA,200701,1,1,17,710
713,"TAIWAN, PROVINCE OF CHINA",710,CHINA,200701,1,0,30,713
713,"TAIWAN, PROVINCE OF CHINA",710,CHINA,200701,1,1,159,713
816,VIETNAM,830,SINGAPORE,200701,1,1,29,816
816,VIETNAM,840,PHILIPPINES,200701,1,1,14,840
820,MALAYSIA,840,PHILIPPINES,200701,1,1,16,820
830,SINGAPORE,710,CHINA,200701,1,1,12,830
830,SINGAPORE,816,VIETNAM,200701,1,1,43,816
840,PHILIPPINES,710,CHINA,200701,1,1,130,840
840,PHILIPPINES,820,MALAYSIA,200701,1,1,13,840
840,PHILIPPINES,850,INDONESIA,200701,1,1,15,850
850,INDONESIA,710,CHINA,200701,1,1,13,710
850,INDONESIA,840,PHILIPPINES,200701,1,1,23,840
710,CHINA,713,"TAIWAN, PROVINCE OF CHINA",200702,1,0,20,713
710,CHINA,713,"TAIWAN, PROVINCE OF CHINA",200702,1,1,82,713
710,CHINA,816,VIETNAM,200702,1,1,16,816
710,CHINA,840,PHILIPPINES,200702,1,1,11,710
710,CHINA,850,INDONESIA,200702,1,1,11,850
713,"TAIWAN, PROVINCE OF CHINA",710,CHINA,200702,1,1,112,713
713,"TAIWAN, PROVINCE OF CHINA",830,SINGAPORE,200702,1,1,12,713
816,VIETNAM,710,CHINA,200702,1,1,16,816
820,MALAYSIA,850,INDONESIA,200702,1,1,23,850
830,SINGAPORE,840,PHILIPPINES,200702,1,1,24,830
840,PHILIPPINES,830,SINGAPORE,200702,1,1,14,840
850,INDONESIA,710,CHINA,200702,1,1,12,850
850,INDONESIA,820,MALAYSIA,200702,1,1,24,850
710,CHINA,713,"TAIWAN, PROVINCE OF CHINA",200703,1,0,84,713
710,CHINA,713,"TAIWAN, PROVINCE OF CHINA",200703,1,1,111,710
710,CHINA,816,VIETNAM,200703,1,1,46,710
713,"TAIWAN, PROVINCE OF CHINA",710,CHINA,200703,1,0,26,713
713,"TAIWAN, PROVINCE OF CHINA",710,CHINA,200703,1,1,216,713
816,VIETNAM,710,CHINA,200703,1,1,78,710
816,VIETNAM,835,BRUNEI,200703,1,1,13,835
820,MALAYSIA,830,SINGAPORE,200703,1,1,11,820
820,MALAYSIA,850,INDONESIA,200703,1,1,13,850
830,SINGAPORE,820,MALAYSIA,200703,1,1,17,830
830,SINGAPORE,850,INDONESIA,200703,1,1,23,830
835,BRUNEI,816,VIETNAM,200703,1,1,14,835
850,INDONESIA,820,MALAYSIA,200703,1,1,11,850
850,INDONESIA,830,SINGAPORE,200703,1,1,13,850
710,CHINA,713,"TAIWAN, PROVINCE OF CHINA",200704,1,0,36,710
710,CHINA,713,"TAIWAN, PROVINCE OF CHINA",200704,1,1,183,713
710,CHINA,816,VIETNAM,200704,1,1,180,710
710,CHINA,820,MALAYSIA,200704,1,1,31,820
710,CHINA,830,SINGAPORE,200704,1,1,66,710
710,CHINA,840,PHILIPPINES,200704,1,1,19,840
713,"TAIWAN, PROVINCE OF CHINA",710,CHINA,200704,0,0,11,710
713,"TAIWAN, PROVINCE OF CHINA",710,CHINA,200704,1,0,43,713
713,"TAIWAN, PROVINCE OF CHINA",710,CHINA,200704,1,1,243,713
816,VIETNAM,710,CHINA,200704,1,1,243,710
820,MALAYSIA,710,CHINA,200704,1,1,27,710
830,SINGAPORE,710,CHINA,200704,1,1,68,710
830,SINGAPORE,850,INDONESIA,200704,1,1,52,850
840,PHILIPPINES,710,CHINA,200704,1,1,25,840
850,INDONESIA,710,CHINA,200704,1,1,18,710
850,INDONESIA,830,SINGAPORE,200704,1,1,55,830
710,CHINA,713,"TAIWAN, PROVINCE OF CHINA",200705,1,0,65,710
710,CHINA,713,"TAIWAN, PROVINCE OF CHINA",200705,1,1,76,710
710,CHINA,816,VIETNAM,200705,1,1,193,710
710,CHINA,850,INDONESIA,200705,1,1,16,850
713,"TAIWAN, PROVINCE OF CHINA",710,CHINA,200705,0,1,12,713
713,"TAIWAN, PROVINCE OF CHINA",710,CHINA,200705,1,0,45,710
713,"TAIWAN, PROVINCE OF CHINA",710,HONG KONG,200705,1,1,120,713
713,"TAIWAN, PROVINCE OF CHINA",830,SINGAPORE,200705,1,1,25,710
816,VIETNAM,710,CHINA,200705,1,1,218,816
816,VIETNAM,713,"TAIWAN, PROVINCE OF CHINA",200705,1,1,11,710
820,MALAYSIA,830,SINGAPORE,200705,1,1,70,820
820,MALAYSIA,850,INDONESIA,200705,1,1,21,820
830,SINGAPORE,820,MALAYSIA,200705,1,1,68,830
830,SINGAPORE,850,INDONESIA,200705,1,1,17,830
850,INDONESIA,710,CHINA,200705,1,1,23,850
850,INDONESIA,820,MALAYSIA,200705,1,1,18,850
850,INDONESIA,830,SINGAPORE,200705,1,1,18,850
710,CHINA,713,"TAIWAN, PROVINCE OF CHINA",200706,0,0,11,713
710,CHINA,713,"TAIWAN, PROVINCE OF CHINA",200706,1,0,39,713
710,CHINA,713,"TAIWAN, PROVINCE OF CHINA",200706,1,1,39,710
710,CHINA,816,VIETNAM,200706,1,1,48,710
710,CHINA,840,PHILIPPINES,200706,1,1,40,710
710,CHINA,850,INDONESIA,200706,1,1,59,710
713,"TAIWAN, PROVINCE OF CHINA",710,CHINA,200706,1,0,35,710
713,"TAIWAN, PROVINCE OF CHINA",710,CHINA,200706,1,1,162,710
713,"TAIWAN, PROVINCE OF CHINA",830,SINGAPORE,200706,1,1,49,830
816,VIETNAM,710,CHINA,200706,1,1,48,816
820,MALAYSIA,850,INDONESIA,200706,1,1,14,820
830,SINGAPORE,713,"TAIWAN, PROVINCE OF CHINA",200706,1,0,12,713
830,SINGAPORE,713,"TAIWAN, PROVINCE OF CHINA",200706,1,1,36,713
830,SINGAPORE,850,INDONESIA,200706,1,1,16,830
840,PHILIPPINES,710,CHINA,200706,1,1,48,840
840,PHILIPPINES,830,SINGAPORE,200706,1,1,18,840
850,INDONESIA,710,CHINA,200706,1,1,79,710
850,INDONESIA,820,MALAYSIA,200706,1,1,12,850
850,INDONESIA,830,SINGAPORE,200706,1,1,16,850
710,CHINA,713,"TAIWAN, PROVINCE OF CHINA",200707,1,0,30,710
710,CHINA,713,"TAIWAN, PROVINCE OF CHINA",200707,1,1,29,710
710,CHINA,816,VIETNAM,200707,1,1,32,710
710,CHINA,820,MALAYSIA,200707,1,1,32,820
710,CHINA,830,SINGAPORE,200707,1,1,55,710
710,CHINA,840,PHILIPPINES,200707,1,1,11,840
710,CHINA,850,INDONESIA,200707,1,1,51,850
713,"TAIWAN, PROVINCE OF CHINA",710,CHINA,200707,1,0,17,710
713,"TAIWAN, PROVINCE OF CHINA",710,CHINA,200707,1,1,73,710
816,VIETNAM,710,CHINA,200707,1,1,25,816
816,VIETNAM,840,PHILIPPINES,200707,1,1,14,816
820,MALAYSIA,710,CHINA,200707,1,1,37,820
830,SINGAPORE,710,CHINA,200707,1,1,39,830
830,SINGAPORE,850,INDONESIA,200707,1,1,30,850
840,PHILIPPINES,710,CHINA,200707,1,1,21,710
840,PHILIPPINES,850,INDONESIA,200707,1,1,13,850
850,INDONESIA,710,CHINA,200707,1,1,45,850
850,INDONESIA,830,SINGAPORE,200707,1,1,24,850
710,CHINA,713,"TAIWAN, PROVINCE OF CHINA",200708,1,0,58,713
710,CHINA,713,"TAIWAN, PROVINCE OF CHINA",200708,1,1,36,710
710,CHINA,816,VIETNAM,200708,1,1,36,710
710,CHINA,840,PHILIPPINES,200708,1,1,26,710
713,"TAIWAN, PROVINCE OF CHINA",710,CHINA,200708,1,0,25,713
713,"TAIWAN, PROVINCE OF CHINA",710,CHINA,200708,1,1,64,713
713,"TAIWAN, PROVINCE OF CHINA",830,SINGAPORE,200708,1,1,54,830
713,"TAIWAN, PROVINCE OF CHINA",840,PHILIPPINES,200708,1,1,25,840
713,"TAIWAN, PROVINCE OF CHINA",850,INDONESIA,200708,1,1,28,850
816,VIETNAM,710,CHINA,200708,1,1,32,710
816,VIETNAM,820,MALAYSIA,200708,1,1,39,816
816,VIETNAM,830,SINGAPORE,200708,1,1,67,816
816,VIETNAM,835,BRUNEI,200708,1,1,37,816
816,VIETNAM,840,PHILIPPINES,200708,1,1,62,816
816,VIETNAM,850,INDONESIA,200708,1,1,75,850
820,MALAYSIA,816,VIETNAM,200708,1,1,24,820
820,MALAYSIA,835,BRUNEI,200708,1,1,17,820
820,MALAYSIA,850,INDONESIA,200708,0,0,13,850
820,MALAYSIA,850,INDONESIA,200708,1,1,13,850
830,SINGAPORE,713,"TAIWAN, PROVINCE OF CHINA",200708,1,1,35,713
830,SINGAPORE,816,VIETNAM,200708,1,1,52,830
835,BRUNEI,816,VIETNAM,200708,1,1,29,835
835,BRUNEI,820,MALAYSIA,200708,1,1,15,835
840,PHILIPPINES,710,CHINA,200708,1,1,23,840
840,PHILIPPINES,713,"TAIWAN, PROVINCE OF CHINA",200708,1,1,17,840
840,PHILIPPINES,816,VIETNAM,200708,1,1,63,840
850,INDONESIA,713,"TAIWAN, PROVINCE OF CHINA",200708,1,1,27,850
850,INDONESIA,816,VIETNAM,200708,1,1,55,850
850,INDONESIA,820,MALAYSIA,200708,1,1,11,850
710,CHINA,713,"TAIWAN, PROVINCE OF CHINA",200709,0,0,27,713
710,CHINA,713,"TAIWAN, PROVINCE OF CHINA",200709,1,0,123,713
710,CHINA,713,"TAIWAN, PROVINCE OF CHINA",200709,1,1,97,713
710,CHINA,816,VIETNAM,200709,1,1,40,710
710,CHINA,830,SINGAPORE,200709,1,1,11,710
710,CHINA,840,PHILIPPINES,200709,1,1,68,710
710,CHINA,850,INDONESIA,200709,1,1,28,710
713,"TAIWAN, PROVINCE OF CHINA",710,CHINA,200709,0,0,12,713
713,"TAIWAN, PROVINCE OF CHINA",710,CHINA,200709,1,0,61,713
713,"TAIWAN, PROVINCE OF CHINA",710,CHINA,200709,1,1,181,713
713,"TAIWAN, PROVINCE OF CHINA",830,SINGAPORE,200709,1,1,13,713
816,VIETNAM,710,HONG KONG,200709,1,1,37,816
816,VIETNAM,830,SINGAPORE,200709,1,1,18,816
820,MALAYSIA,840,PHILIPPINES,200709,1,1,13,840
820,MALAYSIA,850,INDONESIA,200709,1,1,15,850
830,SINGAPORE,710,CHINA,200709,1,1,21,710
830,SINGAPORE,713,"TAIWAN, PROVINCE OF CHINA",200709,1,1,12,713
830,SINGAPORE,816,VIETNAM,200709,1,1,13,816
840,PHILIPPINES,710,CHINA,200709,1,1,74,840
850,INDONESIA,710,CHINA,200709,1,1,26,710
710,CHINA,713,"TAIWAN, PROVINCE OF CHINA",200710,1,0,90,710
710,CHINA,713,"TAIWAN, PROVINCE OF CHINA",200710,1,1,145,713
710,CHINA,816,VIETNAM,200710,1,1,94,710
710,HONG KONG,830,SINGAPORE,200710,1,1,26,710
710,CHINA,840,PHILIPPINES,200710,1,1,17,710
713,"TAIWAN, PROVINCE OF CHINA",710,CHINA,200710,1,0,71,713
713,"TAIWAN, PROVINCE OF CHINA",710,CHINA,200710,1,1,138,713
816,VIETNAM,710,CHINA,200710,1,1,118,816
830,SINGAPORE,710,CHINA,200710,1,1,49,710
840,PHILIPPINES,710,CHINA,200710,1,1,24,710
850,INDONESIA,710,CHINA,200710,1,1,11,850
850,INDONESIA,820,MALAYSIA,200710,1,1,14,850
710,CHINA,713,"TAIWAN, PROVINCE OF CHINA",200711,1,0,37,713
710,CHINA,713,"TAIWAN, PROVINCE OF CHINA",200711,1,1,66,713
710,CHINA,816,VIETNAM,200711,1,1,61,816
710,CHINA,830,SINGAPORE,200711,1,1,224,710
710,CHINA,850,INDONESIA,200711,1,1,60,710
713,"TAIWAN, PROVINCE OF CHINA",710,CHINA,200711,1,0,35,713
713,"TAIWAN, PROVINCE OF CHINA",710,CHINA,200711,1,1,84,713
713,"TAIWAN, PROVINCE OF CHINA",840,PHILIPPINES,200711,1,1,16,840
816,VIETNAM,710,CHINA,200711,1,1,47,816
816,VIETNAM,830,SINGAPORE,200711,1,1,22,830
820,MALAYSIA,830,SINGAPORE,200711,1,1,15,820
830,SINGAPORE,710,CHINA,200711,1,1,160,710
830,SINGAPORE,816,VIETNAM,200711,1,1,14,830
830,SINGAPORE,850,INDONESIA,200711,1,1,40,850
835,BRUNEI,830,SINGAPORE,200711,1,1,11,835
840,PHILIPPINES,713,"TAIWAN, PROVINCE OF CHINA",200711,1,1,11,840
850,INDONESIA,710,CHINA,200711,1,1,45,850
850,INDONESIA,830,SINGAPORE,200711,1,1,29,850
710,CHINA,713,"TAIWAN, PROVINCE OF CHINA",200712,1,0,46,710
710,CHINA,713,"TAIWAN, PROVINCE OF CHINA",200712,1,1,57,710
710,CHINA,816,VIETNAM,200712,1,1,38,710
710,CHINA,820,MALAYSIA,200712,1,1,18,820
713,"TAIWAN, PROVINCE OF CHINA",710,CHINA,200712,1,0,22,713
713,"TAIWAN, PROVINCE OF CHINA",710,CHINA,200712,1,1,101,713
816,VIETNAM,710,CHINA,200712,1,1,21,816
816,VIETNAM,830,SINGAPORE,200712,1,1,26,816
820,MALAYSIA,710,HONG KONG,200712,1,1,16,710
830,SINGAPORE,816,VIETNAM,200712,1,1,52,816
710,CHINA,713,"TAIWAN, PROVINCE OF CHINA",200801,1,0,24,710
710,CHINA,713,"TAIWAN, PROVINCE OF CHINA",200801,1,1,61,713
710,CHINA,816,VIETNAM,200801,1,1,41,816
710,CHINA,830,SINGAPORE,200801,1,1,18,710
710,CHINA,840,PHILIPPINES,200801,1,1,47,840
710,CHINA,850,INDONESIA,200801,1,1,28,850
713,"TAIWAN, PROVINCE OF CHINA",710,CHINA,200801,1,0,32,710
713,"TAIWAN, PROVINCE OF CHINA",710,CHINA,200801,1,1,152,713
816,VIETNAM,710,CHINA,200801,1,1,60,816
820,MALAYSIA,850,INDONESIA,200801,1,1,71,850
830,SINGAPORE,710,CHINA,200801,1,1,12,710
830,SINGAPORE,850,INDONESIA,200801,1,1,42,850
840,PHILIPPINES,710,CHINA,200801,1,1,55,710
850,INDONESIA,710,HONG KONG,200801,1,1,20,850
850,INDONESIA,820,MALAYSIA,200801,1,1,83,820
850,INDONESIA,830,SINGAPORE,200801,1,1,17,850
710,CHINA,713,"TAIWAN, PROVINCE OF CHINA",200802,0,0,13,710
710,CHINA,713,"TAIWAN, PROVINCE OF CHINA",200802,1,0,41,713
710,CHINA,713,"TAIWAN, PROVINCE OF CHINA",200802,1,1,85,710
710,CHINA,840,PHILIPPINES,200802,1,1,12,840
713,"TAIWAN, PROVINCE OF CHINA",710,CHINA,200802,0,1,22,713
713,"TAIWAN, PROVINCE OF CHINA",710,CHINA,200802,1,0,41,713
713,"TAIWAN, PROVINCE OF CHINA",710,CHINA,200802,1,1,87,713
713,"TAIWAN, PROVINCE OF CHINA",816,VIETNAM,200802,1,1,15,816
713,"TAIWAN, PROVINCE OF CHINA",820,MALAYSIA,200802,1,1,16,820
816,VIETNAM,710,CHINA,200802,1,1,27,710
816,VIETNAM,713,"TAIWAN, PROVINCE OF CHINA",200802,1,0,19,816
816,VIETNAM,713,"TAIWAN, PROVINCE OF CHINA",200802,1,1,18,816
816,VIETNAM,830,SINGAPORE,200802,1,1,48,816
816,VIETNAM,840,PHILIPPINES,200802,1,1,22,840
820,MALAYSIA,710,CHINA,200802,1,1,13,710
820,MALAYSIA,713,"TAIWAN, PROVINCE OF CHINA",200802,1,1,16,820
830,SINGAPORE,710,CHINA,200802,1,1,25,710
830,SINGAPORE,816,VIETNAM,200802,1,1,65,830
840,PHILIPPINES,710,CHINA,200802,1,1,15,840
840,PHILIPPINES,816,VIETNAM,200802,1,1,16,840
710,CHINA,713,"TAIWAN, PROVINCE OF CHINA",200803,1,0,65,710
710,CHINA,713,"TAIWAN, PROVINCE OF CHINA",200803,1,1,144,710
710,HONG KONG,840,PHILIPPINES,200803,1,1,24,710
713,"TAIWAN, PROVINCE OF CHINA",710,CHINA,200803,1,0,90,710
713,"TAIWAN, PROVINCE OF CHINA",710,CHINA,200803,1,1,311,713
816,VIETNAM,710,CHINA,200803,1,1,24,816
816,VIETNAM,830,SINGAPORE,200803,1,1,23,816
820,MALAYSIA,850,INDONESIA,200803,1,1,15,820
830,SINGAPORE,710,CHINA,200803,1,1,12,830
830,SINGAPORE,816,VIETNAM,200803,1,1,21,816
840,PHILIPPINES,710,CHINA,200803,1,1,21,840
850,INDONESIA,820,MALAYSIA,200803,1,1,20,820
710,CHINA,713,"TAIWAN, PROVINCE OF CHINA",200804,1,0,26,713
710,CHINA,713,"TAIWAN, PROVINCE OF CHINA",200804,1,1,426,710
710,CHINA,816,VIETNAM,200804,1,1,76,710
713,"TAIWAN, PROVINCE OF CHINA",710,CHINA,200804,0,1,13,713
713,"TAIWAN, PROVINCE OF CHINA",710,CHINA,200804,1,0,28,710
713,"TAIWAN, PROVINCE OF CHINA",710,CHINA,200804,1,1,633,713
816,VIETNAM,710,CHINA,200804,1,1,91,710
820,MALAYSIA,840,PHILIPPINES,200804,1,1,19,840
820,MALAYSIA,850,INDONESIA,200804,1,1,11,820
830,SINGAPORE,710,HONG KONG,200804,1,1,13,710
840,PHILIPPINES,820,MALAYSIA,200804,1,1,14,840
850,INDONESIA,710,CHINA,200804,0,0,18,850
850,INDONESIA,820,MALAYSIA,200804,1,1,18,820
710,CHINA,713,"TAIWAN, PROVINCE OF CHINA",200805,1,1,339,713
710,CHINA,816,VIETNAM,200805,1,1,29,710
710,CHINA,830,SINGAPORE,200805,1,1,51,710
713,"TAIWAN, PROVINCE OF CHINA",710,CHINA,200805,0,1,17,713
713,"TAIWAN, PROVINCE OF CHINA",710,CHINA,200805,1,0,29,713
713,"TAIWAN, PROVINCE OF CHINA",710,CHINA,200805,1,1,439,710
713,"TAIWAN, PROVINCE OF CHINA",830,SINGAPORE,200805,1,1,11,713
816,VIETNAM,710,CHINA,200805,1,1,45,710
816,VIETNAM,830,SINGAPORE,200805,1,1,19,816
820,MALAYSIA,840,PHILIPPINES,200805,1,1,26,820
830,SINGAPORE,710,CHINA,200805,0,1,14,710
830,SINGAPORE,710,CHINA,200805,1,1,65,710
830,SINGAPORE,713,"TAIWAN, PROVINCE OF CHINA",200805,1,1,14,713
840,PHILIPPINES,820,MALAYSIA,200805,1,1,16,820
850,INDONESIA,710,CHINA,200805,1,1,12,850
710,CHINA,713,"TAIWAN, PROVINCE OF CHINA",200806,1,0,20,713
710,CHINA,713,"TAIWAN, PROVINCE OF CHINA",200806,1,1,794,713
710,CHINA,816,VIETNAM,200806,1,1,102,710
710,CHINA,850,INDONESIA,200806,1,1,14,710
713,"TAIWAN, PROVINCE OF CHINA",710,CHINA,200806,0,1,15,713
713,"TAIWAN, PROVINCE OF CHINA",710,CHINA,200806,1,1,899,713
816,VIETNAM,710,CHINA,200806,1,1,104,710
820,MALAYSIA,850,INDONESIA,200806,1,1,19,850
850,INDONESIA,820,MALAYSIA,200806,1,1,16,850
710,CHINA,713,"TAIWAN, PROVINCE OF CHINA",200807,1,0,15,713
710,CHINA,713,"TAIWAN, PROVINCE OF CHINA",200807,1,1,306,713
710,CHINA,816,VIETNAM,200807,1,1,25,816
710,CHINA,830,SINGAPORE,200807,1,1,19,710
713,"TAIWAN, PROVINCE OF CHINA",710,CHINA,200807,1,0,15,710
713,"TAIWAN, PROVINCE OF CHINA",710,CHINA,200807,1,1,327,713
816,VIETNAM,710,CHINA,200807,1,1,18,710
820,MALAYSIA,850,INDONESIA,200807,1,1,14,820
830,SINGAPORE,710,CHINA,200807,1,1,12,816
850,INDONESIA,820,MALAYSIA,200807,1,1,18,820
710,CHINA,713,"TAIWAN, PROVINCE OF CHINA",200808,1,0,17,710
710,CHINA,713,"TAIWAN, PROVINCE OF CHINA",200808,1,1,119,713
710,CHINA,816,VIETNAM,200808,1,1,18,710
710,CHINA,830,SINGAPORE,200808,1,1,18,710
710,CHINA,840,PHILIPPINES,200808,1,1,29,710
710,HONG KONG,850,INDONESIA,200808,1,1,24,710
713,"TAIWAN, PROVINCE OF CHINA",710,CHINA,200808,0,0,12,713
713,"TAIWAN, PROVINCE OF CHINA",710,CHINA,200808,1,1,151,710
713,"TAIWAN, PROVINCE OF CHINA",830,SINGAPORE,200808,1,1,16,713
816,VIETNAM,710,CHINA,200808,1,1,28,710
816,VIETNAM,820,MALAYSIA,200808,1,1,11,816
820,MALAYSIA,840,PHILIPPINES,200808,1,1,12,820
820,MALAYSIA,850,INDONESIA,200808,1,1,13,820
830,SINGAPORE,710,CHINA,200808,1,1,18,710
840,PHILIPPINES,710,CHINA,200808,1,1,37,840
840,PHILIPPINES,820,MALAYSIA,200808,1,1,11,820
850,INDONESIA,710,CHINA,200808,1,1,28,850
850,INDONESIA,820,MALAYSIA,200808,1,1,19,850
710,CHINA,713,"TAIWAN, PROVINCE OF CHINA",200809,0,1,14,710
710,CHINA,713,"TAIWAN, PROVINCE OF CHINA",200809,1,1,155,710
710,CHINA,816,VIETNAM,200809,1,1,68,710
710,CHINA,830,SINGAPORE,200809,1,1,52,710
710,CHINA,850,INDONESIA,200809,1,1,23,710
713,"TAIWAN, PROVINCE OF CHINA",710,CHINA,200809,1,0,16,710
713,"TAIWAN, PROVINCE OF CHINA",710,CHINA,200809,1,1,196,713
816,VIETNAM,710,CHINA,200809,1,1,66,816
830,SINGAPORE,710,CHINA,200809,1,1,62,710
850,INDONESIA,710,CHINA,200809,1,1,21,850
710,CHINA,713,"TAIWAN, PROVINCE OF CHINA",200810,1,0,35,713
710,CHINA,713,"TAIWAN, PROVINCE OF CHINA",200810,1,1,637,710
710,CHINA,816,VIETNAM,200810,1,1,283,710
710,CHINA,830,SINGAPORE,200810,1,1,98,710
710,CHINA,840,PHILIPPINES,200810,1,1,21,710
710,CHINA,850,INDONESIA,200810,1,1,34,710
713,"TAIWAN, PROVINCE OF CHINA",710,CHINA,200810,0,0,28,710
713,"TAIWAN, PROVINCE OF CHINA",710,CHINA,200810,1,0,33,710
713,"TAIWAN, PROVINCE OF CHINA",710,CHINA,200810,1,1,582,713
816,VIETNAM,710,CHINA,200810,1,1,293,710
830,SINGAPORE,710,CHINA,200810,1,1,134,710
840,PHILIPPINES,710,CHINA,200810,1,1,46,840
840,PHILIPPINES,820,MALAYSIA,200810,1,1,14,710
850,INDONESIA,710,CHINA,200810,1,1,33,850
850,INDONESIA,820,MALAYSIA,200810,1,1,13,850
710,CHINA,713,"TAIWAN, PROVINCE OF CHINA",200811,1,0,38,710
710,CHINA,713,"TAIWAN, PROVINCE OF CHINA",200811,1,1,1228,713
710,CHINA,816,VIETNAM,200811,1,1,83,710
710,CHINA,850,INDONESIA,200811,1,1,14,850
713,"TAIWAN, PROVINCE OF CHINA",710,CHINA,200811,0,0,13,713
713,"TAIWAN, PROVINCE OF CHINA",710,CHINA,200811,0,1,11,713
713,"TAIWAN, PROVINCE OF CHINA",710,CHINA,200811,1,0,48,713
713,"TAIWAN, PROVINCE OF CHINA",710,CHINA,200811,1,1,1189,710
816,VIETNAM,710,CHINA,200811,1,1,80,816
830,SINGAPORE,710,CHINA,200811,1,1,14,710
850,INDONESIA,710,CHINA,200811,1,1,14,850
710,CHINA,713,"TAIWAN, PROVINCE OF CHINA",200812,1,0,21,713
710,CHINA,713,"TAIWAN, PROVINCE OF CHINA",200812,1,1,259,710
710,CHINA,816,VIETNAM,200812,1,1,85,816
710,CHINA,830,SINGAPORE,200812,1,1,29,710
710,HONG KONG,840,PHILIPPINES,200812,1,1,18,710
710,CHINA,850,INDONESIA,200812,1,1,70,710
713,"TAIWAN, PROVINCE OF CHINA",710,CHINA,200812,0,1,14,713
713,"TAIWAN, PROVINCE OF CHINA",710,CHINA,200812,1,0,40,713
713,"TAIWAN, PROVINCE OF CHINA",710,CHINA,200812,1,1,305,713
816,VIETNAM,710,CHINA,200812,1,1,89,816
820,MALAYSIA,850,INDONESIA,200812,1,1,23,820
830,SINGAPORE,710,CHINA,200812,1,1,32,710
840,PHILIPPINES,710,CHINA,200812,1,1,16,840
850,INDONESIA,710,CHINA,200812,1,1,24,850
850,INDONESIA,820,MALAYSIA,200812,1,1,17,820
710,CHINA,713,"TAIWAN, PROVINCE OF CHINA",200901,1,0,11,710
710,CHINA,713,"TAIWAN, PROVINCE OF CHINA",200901,1,1,147,710
710,CHINA,816,VIETNAM,200901,1,1,20,816
710,CHINA,830,SINGAPORE,200901,1,1,11,710
710,CHINA,850,INDONESIA,200901,1,1,16,710
713,"TAIWAN, PROVINCE OF CHINA",710,CHINA,200901,1,0,12,713
713,"TAIWAN, PROVINCE OF CHINA",710,CHINA,200901,1,1,163,710
816,VIETNAM,710,CHINA,200901,1,1,27,816
816,VIETNAM,820,MALAYSIA,200901,1,1,12,820
830,SINGAPORE,850,INDONESIA,200901,1,1,14,850
840,PHILIPPINES,820,MALAYSIA,200901,1,1,16,840
850,INDONESIA,710,CHINA,200901,1,1,14,710
850,INDONESIA,830,SINGAPORE,200901,1,1,12,850
710,CHINA,713,"TAIWAN, PROVINCE OF CHINA",200902,1,0,11,713
710,CHINA,713,"TAIWAN, PROVINCE OF CHINA",200902,1,1,152,710
710,CHINA,840,PHILIPPINES,200902,1,0,13,840
710,CHINA,840,PHILIPPINES,200902,1,1,18,840
713,"TAIWAN, PROVINCE OF CHINA",710,CHINA,200902,0,1,12,713
713,"TAIWAN, PROVINCE OF CHINA",710,CHINA,200902,1,1,177,713
713,"TAIWAN, PROVINCE OF CHINA",840,PHILIPPINES,200902,1,1,14,713
840,PHILIPPINES,710,HONG KONG,200902,1,1,20,840
840,PHILIPPINES,713,"TAIWAN, PROVINCE OF CHINA",200902,1,1,19,713
840,PHILIPPINES,820,MALAYSIA,200902,1,1,13,840
850,INDONESIA,820,MALAYSIA,200902,1,1,11,850
710,CHINA,713,"TAIWAN, PROVINCE OF CHINA",200903,0,0,16,713
710,CHINA,713,"TAIWAN, PROVINCE OF CHINA",200903,1,0,19,710
710,CHINA,713,"TAIWAN, PROVINCE OF CHINA",200903,1,1,257,710
710,HONG KONG,816,VIETNAM,200903,1,1,131,816
710,CHINA,830,SINGAPORE,200903,1,1,17,710
710,CHINA,840,PHILIPPINES,200903,1,0,14,816
710,CHINA,840,PHILIPPINES,200903,1,1,33,840
710,CHINA,850,INDONESIA,200903,1,1,27,710
713,"TAIWAN, PROVINCE OF CHINA",710,CHINA,200903,1,0,12,710
713,"TAIWAN, PROVINCE OF CHINA",710,CHINA,200903,1,1,269,713
816,VIETNAM,710,CHINA,200903,1,1,122,816
816,VIETNAM,820,MALAYSIA,200903,1,1,21,816
820,MALAYSIA,816,VIETNAM,200903,1,1,22,816
820,MALAYSIA,850,INDONESIA,200903,1,1,18,850
830,SINGAPORE,710,CHINA,200903,1,1,23,710
830,SINGAPORE,713,"TAIWAN, PROVINCE OF CHINA",200903,1,1,16,713
830,SINGAPORE,850,INDONESIA,200903,1,1,27,850
840,PHILIPPINES,710,CHINA,200903,1,1,37,840
840,PHILIPPINES,820,MALAYSIA,200903,1,1,15,840
850,INDONESIA,710,CHINA,200903,1,1,26,850
850,INDONESIA,820,MALAYSIA,200903,1,1,17,820
850,INDONESIA,830,SINGAPORE,200903,1,1,22,850
710,HONG KONG,713,"TAIWAN, PROVINCE OF CHINA",200904,1,1,483,710
710,CHINA,816,VIETNAM,200904,1,1,107,710
710,CHINA,830,SINGAPORE,200904,1,1,35,710
710,HONG KONG,840,PHILIPPINES,200904,1,1,17,710
713,"TAIWAN, PROVINCE OF CHINA",710,CHINA,200904,1,0,15,713
713,"TAIWAN, PROVINCE OF CHINA",710,CHINA,200904,1,1,557,710
816,VIETNAM,710,CHINA,200904,1,1,126,710
816,VIETNAM,830,SINGAPORE,200904,1,1,23,816
820,MALAYSIA,835,BRUNEI,200904,1,1,12,820
820,MALAYSIA,850,INDONESIA,200904,1,1,51,710
830,SINGAPORE,710,CHINA,200904,1,1,21,710
830,SINGAPORE,816,VIETNAM,200904,1,1,33,816
840,PHILIPPINES,710,CHINA,200904,1,1,18,840
850,INDONESIA,710,CHINA,200904,1,1,12,850
850,INDONESIA,820,MALAYSIA,200904,1,1,44,850
850,INDONESIA,830,SINGAPORE,200904,0,0,11,850
710,CHINA,713,"TAIWAN, PROVINCE OF CHINA",200905,1,0,20,710
710,CHINA,713,"TAIWAN, PROVINCE OF CHINA",200905,1,1,360,710
710,CHINA,816,VIETNAM,200905,1,1,48,710
710,CHINA,820,MALAYSIA,200905,1,1,12,710
710,CHINA,830,SINGAPORE,200905,1,1,18,710
710,CHINA,840,PHILIPPINES,200905,1,1,33,840
713,"TAIWAN, PROVINCE OF CHINA",710,CHINA,200905,0,0,13,713
713,"TAIWAN, PROVINCE OF CHINA",710,CHINA,200905,1,0,13,710
713,"TAIWAN, PROVINCE OF CHINA",710,CHINA,200905,1,1,456,713
816,VIETNAM,710,CHINA,200905,1,1,52,816
816,VIETNAM,830,SINGAPORE,200905,1,1,16,816
820,MALAYSIA,710,CHINA,200905,1,1,19,820
820,MALAYSIA,830,SINGAPORE,200905,1,1,68,820
830,SINGAPORE,710,CHINA,200905,1,1,39,816
830,SINGAPORE,816,VIETNAM,200905,1,1,23,830
830,SINGAPORE,820,MALAYSIA,200905,1,1,50,830
840,PHILIPPINES,710,CHINA,200905,1,1,36,840
710,CHINA,713,"TAIWAN, PROVINCE OF CHINA",200906,0,0,11,713
710,HONG KONG,713,"TAIWAN, PROVINCE OF CHINA",200906,1,1,204,713
710,CHINA,816,VIETNAM,200906,1,1,14,816
710,CHINA,820,MALAYSIA,200906,1,1,72,710
710,CHINA,830,SINGAPORE,200906,1,1,14,710
710,CHINA,840,PHILIPPINES,200906,1,1,19,840
713,"TAIWAN, PROVINCE OF CHINA",710,CHINA,200906,1,0,18,710
713,"TAIWAN, PROVINCE OF CHINA",710,CHINA,200906,1,1,261,710
816,VIETNAM,710,CHINA,200906,1,1,32,816
816,VIETNAM,850,INDONESIA,200906,1,1,35,816
820,MALAYSIA,710,CHINA,200906,1,1,89,710
820,MALAYSIA,830,SINGAPORE,200906,1,1,49,820
820,MALAYSIA,850,INDONESIA,200906,1,1,19,820
830,SINGAPORE,710,CHINA,200906,1,1,19,830
830,SINGAPORE,820,MALAYSIA,200906,1,1,53,830
840,PHILIPPINES,710,CHINA,200906,1,1,24,840
850,INDONESIA,710,CHINA,200906,1,1,14,850
850,INDONESIA,816,VIETNAM,200906,1,1,31,850
850,INDONESIA,820,MALAYSIA,200906,1,0,11,850
850,INDONESIA,820,MALAYSIA,200906,1,1,25,850
710,CHINA,713,"TAIWAN, PROVINCE OF CHINA",200907,1,0,11,710
710,CHINA,713,"TAIWAN, PROVINCE OF CHINA",200907,1,1,221,710
710,CHINA,816,VIETNAM,200907,1,1,38,710
710,CHINA,840,PHILIPPINES,200907,1,1,22,710
710,CHINA,850,INDONESIA,200907,1,1,20,850
713,"TAIWAN, PROVINCE OF CHINA",710,CHINA,200907,1,0,25,710
713,"TAIWAN, PROVINCE OF CHINA",710,CHINA,200907,1,1,273,713
816,VIETNAM,710,CHINA,200907,1,1,40,710
816,VIETNAM,830,SINGAPORE,200907,1,1,11,816
820,MALAYSIA,850,INDONESIA,200907,1,1,23,820
830,SINGAPORE,816,VIETNAM,200907,1,1,14,816
830,SINGAPORE,850,INDONESIA,200907,1,1,16,850
840,PHILIPPINES,710,CHINA,200907,1,1,14,840
850,INDONESIA,710,CHINA,200907,1,1,14,850
850,INDONESIA,820,MALAYSIA,200907,1,1,12,850
710,HONG KONG,713,"TAIWAN, PROVINCE OF CHINA",200908,0,1,15,713
710,CHINA,713,"TAIWAN, PROVINCE OF CHINA",200908,1,0,15,710
710,CHINA,713,"TAIWAN, PROVINCE OF CHINA",200908,1,1,393,710
710,CHINA,816,VIETNAM,200908,1,1,27,710
710,CHINA,830,SINGAPORE,200908,1,1,46,710
710,CHINA,840,PHILIPPINES,200908,1,1,25,840
713,"TAIWAN, PROVINCE OF CHINA",710,CHINA,200908,1,1,389,713
816,VIETNAM,710,CHINA,200908,1,1,32,816
816,VIETNAM,830,SINGAPORE,200908,1,1,18,830
816,VIETNAM,850,INDONESIA,200908,1,1,19,816
820,MALAYSIA,835,BRUNEI,200908,1,1,12,820
820,MALAYSIA,850,INDONESIA,200908,1,1,16,850
830,SINGAPORE,710,CHINA,200908,1,1,31,830
830,SINGAPORE,713,"TAIWAN, PROVINCE OF CHINA",200908,1,1,15,713
830,SINGAPORE,816,VIETNAM,200908,1,1,13,816
840,PHILIPPINES,710,CHINA,200908,1,1,18,840
850,INDONESIA,816,VIETNAM,200908,1,1,12,850
850,INDONESIA,820,MALAYSIA,200908,1,1,19,850
710,CHINA,713,"TAIWAN, PROVINCE OF CHINA",200909,1,0,31,713
710,CHINA,713,"TAIWAN, PROVINCE OF CHINA",200909,1,1,292,713
710,CHINA,816,VIETNAM,200909,1,1,39,816
713,"TAIWAN, PROVINCE OF CHINA",710,CHINA,200909,1,0,13,713
713,"TAIWAN, PROVINCE OF CHINA",710,CHINA,200909,1,1,307,713
816,VIETNAM,710,CHINA,200909,1,1,53,816
820,MALAYSIA,850,INDONESIA,200909,1,1,36,820
830,SINGAPORE,710,CHINA,200909,1,1,11,710
850,INDONESIA,820,MALAYSIA,200909,1,1,47,850
710,CHINA,713,"TAIWAN, PROVINCE OF CHINA",200910,0,0,14,713
710,CHINA,713,"TAIWAN, PROVINCE OF CHINA",200910,1,1,145,710
710,CHINA,816,VIETNAM,200910,1,1,80,816
710,CHINA,830,SINGAPORE,200910,1,1,16,710
710,CHINA,840,PHILIPPINES,200910,1,1,38,840
710,CHINA,850,INDONESIA,200910,1,1,11,710
713,"TAIWAN, PROVINCE OF CHINA",710,CHINA,200910,1,1,192,713
816,VIETNAM,710,CHINA,200910,1,1,101,710
820,MALAYSIA,850,INDONESIA,200910,1,1,15,850
830,SINGAPORE,710,CHINA,200910,1,1,45,830
830,SINGAPORE,850,INDONESIA,200910,1,1,11,850
840,PHILIPPINES,710,CHINA,200910,1,1,33,840
850,INDONESIA,820,MALAYSIA,200910,1,1,19,850
850,INDONESIA,830,SINGAPORE,200910,1,1,11,850
710,CHINA,713,"TAIWAN, PROVINCE OF CHINA",200911,1,0,19,713
710,CHINA,713,"TAIWAN, PROVINCE OF CHINA",200911,1,1,164,710
710,CHINA,816,VIETNAM,200911,1,1,23,816
710,CHINA,820,MALAYSIA,200911,1,1,155,820
710,CHINA,830,SINGAPORE,200911,1,1,137,710
710,CHINA,840,PHILIPPINES,200911,1,1,31,840
710,CHINA,850,INDONESIA,200911,1,1,21,710
713,"TAIWAN, PROVINCE OF CHINA",710,CHINA,200911,1,0,13,710
713,"TAIWAN, PROVINCE OF CHINA",710,CHINA,200911,1,1,206,713
713,"TAIWAN, PROVINCE OF CHINA",830,SINGAPORE,200911,1,1,27,713
816,VIETNAM,710,CHINA,200911,1,1,26,816
816,VIETNAM,830,SINGAPORE,200911,1,1,57,816
820,MALAYSIA,710,CHINA,200911,1,1,136,820
820,MALAYSIA,850,INDONESIA,200911,1,1,38,820
830,SINGAPORE,710,CHINA,200911,1,1,83,710
830,SINGAPORE,713,"TAIWAN, PROVINCE OF CHINA",200911,1,1,23,713
830,SINGAPORE,816,VIETNAM,200911,1,1,40,830
830,SINGAPORE,840,PHILIPPINES,200911,1,1,15,830
830,SINGAPORE,850,INDONESIA,200911,1,1,19,850
840,PHILIPPINES,710,CHINA,200911,1,1,21,840
840,PHILIPPINES,830,SINGAPORE,200911,1,1,15,820
850,INDONESIA,710,CHINA,200911,1,1,23,850
850,INDONESIA,820,MALAYSIA,200911,1,1,66,850
850,INDONESIA,830,SINGAPORE,200911,1,1,46,830
710,CHINA,713,"TAIWAN, PROVINCE OF CHINA",200912,1,0,18,710
710,CHINA,713,"TAIWAN, PROVINCE OF CHINA",200912,1,1,363,713
710,CHINA,816,VIETNAM,200912,1,1,22,710
710,CHINA,820,MALAYSIA,200912,1,1,12,710
710,CHINA,850,INDONESIA,200912,1,1,23,850
713,"TAIWAN, PROVINCE OF CHINA",710,CHINA,200912,0,1,12,713
713,"TAIWAN, PROVINCE OF CHINA",710,CHINA,200912,1,0,17,710
713,"TAIWAN, PROVINCE OF CHINA",710,CHINA,200912,1,1,356,713
816,VIETNAM,710,CHINA,200912,1,1,21,816
820,MALAYSIA,710,CHINA,200912,1,1,11,820
850,INDONESIA,710,CHINA,200912,1,1,15,710
710,CHINA,713,"TAIWAN, PROVINCE OF CHINA",201001,1,0,29,710
710,CHINA,713,"TAIWAN, PROVINCE OF CHINA",201001,1,1,107,710
710,CHINA,816,VIETNAM,201001,1,1,34,710
710,CHINA,850,INDONESIA,201001,1,1,26,710
713,"TAIWAN, PROVINCE OF CHINA",710,CHINA,201001,1,1,129,713
816,VIETNAM,710,CHINA,201001,1,1,21,816
816,VIETNAM,830,SINGAPORE,201001,1,1,40,816
830,SINGAPORE,816,VIETNAM,201001,1,1,40,816
850,INDONESIA,710,CHINA,201001,1,1,22,850
850,INDONESIA,820,MALAYSIA,201001,1,1,11,850
710,CHINA,713,"TAIWAN, PROVINCE OF CHINA",201002,1,1,89,710
710,HONG KONG,840,PHILIPPINES,201002,1,1,11,710
713,"TAIWAN, PROVINCE OF CHINA",710,CHINA,201002,1,1,102,710
820,MALAYSIA,840,PHILIPPINES,201002,1,1,11,820
820,MALAYSIA,850,INDONESIA,201002,1,1,16,850
840,PHILIPPINES,710,HONG KONG,201002,1,1,11,840
850,INDONESIA,820,MALAYSIA,201002,1,1,19,850
710,CHINA,713,"TAIWAN, PROVINCE OF CHINA",201003,0,1,13,710
710,CHINA,713,"TAIWAN, PROVINCE OF CHINA",201003,1,1,170,710
710,CHINA,816,VIETNAM,201003,1,1,26,710
710,CHINA,820,MALAYSIA,201003,1,1,13,820
710,CHINA,850,INDONESIA,201003,1,1,23,850
713,"TAIWAN, PROVINCE OF CHINA",710,CHINA,201003,1,1,140,713
816,VIETNAM,710,CHINA,201003,1,1,31,816
816,VIETNAM,820,MALAYSIA,201003,1,1,13,820
816,VIETNAM,850,INDONESIA,201003,1,1,20,850
820,MALAYSIA,710,HONG KONG,201003,1,1,11,820
820,MALAYSIA,816,VIETNAM,201003,1,1,17,816
850,INDONESIA,710,CHINA,201003,1,1,15,850
850,INDONESIA,816,VIETNAM,201003,1,1,16,850
710,CHINA,713,"TAIWAN, PROVINCE OF CHINA",201004,1,0,14,713
710,CHINA,713,"TAIWAN, PROVINCE OF CHINA",201004,1,1,186,710
710,CHINA,816,VIETNAM,201004,1,1,75,710
710,CHINA,820,MALAYSIA,201004,1,1,18,710
710,CHINA,830,SINGAPORE,201004,1,1,48,710
710,CHINA,850,INDONESIA,201004,1,1,51,710
713,"TAIWAN, PROVINCE OF CHINA",710,CHINA,201004,1,1,220,713
816,VIETNAM,710,CHINA,201004,1,1,76,710
816,VIETNAM,835,BRUNEI,201004,1,1,19,816
820,MALAYSIA,710,CHINA,201004,1,1,19,820
830,SINGAPORE,710,CHINA,201004,1,1,49,710
835,BRUNEI,816,VIETNAM,201004,1,1,13,835
840,PHILIPPINES,710,CHINA,201004,1,1,13,840
850,INDONESIA,710,CHINA,201004,1,1,34,850
850,INDONESIA,816,VIETNAM,201004,1,1,11,816
710,CHINA,713,"TAIWAN, PROVINCE OF CHINA",201005,1,1,147,713
710,CHINA,816,VIETNAM,201005,1,1,55,710
710,CHINA,830,SINGAPORE,201005,1,1,14,710
710,CHINA,840,PHILIPPINES,201005,1,1,17,710
710,CHINA,850,INDONESIA,201005,1,1,15,850
713,"TAIWAN, PROVINCE OF CHINA",710,CHINA,201005,1,1,160,713
816,VIETNAM,710,CHINA,201005,1,1,57,710
820,MALAYSIA,816,VIETNAM,201005,1,1,13,816
820,MALAYSIA,830,SINGAPORE,201005,1,1,34,830
820,MALAYSIA,850,INDONESIA,201005,1,1,32,820
830,SINGAPORE,710,CHINA,201005,1,1,14,710
830,SINGAPORE,816,VIETNAM,201005,1,1,12,816
830,SINGAPORE,820,MALAYSIA,201005,1,1,23,830
830,SINGAPORE,850,INDONESIA,201005,1,1,29,850
850,INDONESIA,710,CHINA,201005,1,1,12,850
850,INDONESIA,816,VIETNAM,201005,1,1,11,816
850,INDONESIA,820,MALAYSIA,201005,1,1,39,850
850,INDONESIA,830,SINGAPORE,201005,1,1,32,850
710,HONG KONG,713,"TAIWAN, PROVINCE OF CHINA",201006,1,0,18,710
710,CHINA,713,"TAIWAN, PROVINCE OF CHINA",201006,1,1,286,710
710,CHINA,816,VIETNAM,201006,1,1,19,816
710,CHINA,840,PHILIPPINES,201006,1,1,25,840
713,"TAIWAN, PROVINCE OF CHINA",710,CHINA,201006,0,1,13,713
713,"TAIWAN, PROVINCE OF CHINA",710,CHINA,201006,1,0,12,710
713,"TAIWAN, PROVINCE OF CHINA",710,CHINA,201006,1,1,335,713
816,VIETNAM,710,CHINA,201006,1,1,35,816
820,MALAYSIA,830,SINGAPORE,201006,1,1,21,830
820,MALAYSIA,850,INDONESIA,201006,1,1,19,850
830,SINGAPORE,710,CHINA,201006,1,1,12,830
830,SINGAPORE,820,MALAYSIA,201006,1,1,31,820
840,PHILIPPINES,710,CHINA,201006,1,1,28,840
850,INDONESIA,820,MALAYSIA,201006,1,1,19,820
710,CHINA,713,"TAIWAN, PROVINCE OF CHINA",201007,1,0,19,713
710,CHINA,713,"TAIWAN, PROVINCE OF CHINA",201007,1,1,164,710
710,CHINA,816,VIETNAM,201007,1,1,53,710
710,CHINA,830,SINGAPORE,201007,1,1,47,710
710,CHINA,840,PHILIPPINES,201007,1,1,17,840
713,"TAIWAN, PROVINCE OF CHINA",710,CHINA,201007,1,1,212,713
816,VIETNAM,710,CHINA,201007,1,1,51,816
830,SINGAPORE,710,CHINA,201007,1,1,37,710
840,PHILIPPINES,710,CHINA,201007,1,1,18,840
850,INDONESIA,710,CHINA,201007,1,1,15,850
710,CHINA,713,"TAIWAN, PROVINCE OF CHINA",201008,1,0,19,710
710,CHINA,713,"TAIWAN, PROVINCE OF CHINA",201008,1,1,200,713
710,CHINA,816,VIETNAM,201008,1,1,59,710
710,CHINA,820,MALAYSIA,201008,1,1,12,710
710,CHINA,830,SINGAPORE,201008,1,1,50,710
710,HONG KONG,840,PHILIPPINES,201008,0,0,19,840
710,HONG KONG,840,PHILIPPINES,201008,1,0,32,840
710,CHINA,840,PHILIPPINES,201008,1,1,86,840
710,CHINA,850,INDONESIA,201008,1,1,14,850
713,"TAIWAN, PROVINCE OF CHINA",710,CHINA,201008,1,1,230,710
713,"TAIWAN, PROVINCE OF CHINA",830,SINGAPORE,201008,1,1,34,713
816,VIETNAM,710,CHINA,201008,1,1,84,710
820,MALAYSIA,710,CHINA,201008,1,1,14,820
820,MALAYSIA,840,PHILIPPINES,201008,1,1,19,840
820,MALAYSIA,850,INDONESIA,201008,0,0,24,820
820,MALAYSIA,850,INDONESIA,201008,1,1,15,850
830,SINGAPORE,710,CHINA,201008,1,1,64,710
830,SINGAPORE,713,"TAIWAN, PROVINCE OF CHINA",201008,1,1,28,713
840,PHILIPPINES,710,CHINA,201008,0,0,45,840
840,PHILIPPINES,710,CHINA,201008,1,1,96,840
840,PHILIPPINES,820,MALAYSIA,201008,1,1,15,840
850,INDONESIA,710,CHINA,201008,1,1,16,850
850,INDONESIA,820,MALAYSIA,201008,0,0,13,850
850,INDONESIA,820,MALAYSIA,201008,1,1,29,850
850,INDONESIA,830,SINGAPORE,201008,1,1,14,850
710,CHINA,713,"TAIWAN, PROVINCE OF CHINA",201009,1,1,147,713
710,CHINA,816,VIETNAM,201009,1,1,96,710
710,CHINA,830,SINGAPORE,201009,1,1,42,710
710,CHINA,840,PHILIPPINES,201009,1,1,33,840
710,CHINA,850,INDONESIA,201009,1,1,15,710
713,"TAIWAN, PROVINCE OF CHINA",710,CHINA,201009,0,0,24,710
713,"TAIWAN, PROVINCE OF CHINA",710,CHINA,201009,1,1,139,713
816,VIETNAM,710,CHINA,201009,1,1,89,710
820,MALAYSIA,830,SINGAPORE,201009,1,1,30,820
820,MALAYSIA,850,INDONESIA,201009,0,0,15,820
820,MALAYSIA,850,INDONESIA,201009,1,1,37,710
830,SINGAPORE,710,CHINA,201009,1,1,76,710
830,SINGAPORE,820,MALAYSIA,201009,1,1,20,830
840,PHILIPPINES,710,CHINA,201009,1,1,40,840
850,INDONESIA,710,CHINA,201009,1,1,19,850
850,INDONESIA,820,MALAYSIA,201009,1,1,40,850
710,CHINA,713,"TAIWAN, PROVINCE OF CHINA",201010,1,0,15,713
710,CHINA,713,"TAIWAN, PROVINCE OF CHINA",201010,1,1,125,713
710,CHINA,816,VIETNAM,201010,1,1,179,710
710,CHINA,830,SINGAPORE,201010,1,1,26,710
710,CHINA,840,PHILIPPINES,201010,1,1,19,840
710,CHINA,850,INDONESIA,201010,1,1,63,710
713,"TAIWAN, PROVINCE OF CHINA",710,CHINA,201010,1,0,13,710
713,"TAIWAN, PROVINCE OF CHINA",710,CHINA,201010,1,1,163,713
713,"TAIWAN, PROVINCE OF CHINA",850,INDONESIA,201010,1,1,12,850
816,VIETNAM,710,CHINA,201010,1,1,140,816
816,VIETNAM,840,PHILIPPINES,201010,1,1,35,840
816,VIETNAM,850,INDONESIA,201010,1,1,54,816
820,MALAYSIA,850,INDONESIA,201010,1,1,11,820
830,SINGAPORE,710,HONG KONG,201010,1,1,19,710
840,PHILIPPINES,710,CHINA,201010,1,1,20,840
840,PHILIPPINES,816,VIETNAM,201010,1,1,42,816
850,INDONESIA,710,CHINA,201010,1,1,66,710
850,INDONESIA,713,"TAIWAN, PROVINCE OF CHINA",201010,1,1,12,713
850,INDONESIA,816,VIETNAM,201010,1,1,51,816
710,CHINA,713,"TAIWAN, PROVINCE OF CHINA",201011,0,0,11,713
710,CHINA,713,"TAIWAN, PROVINCE OF CHINA",201011,1,0,12,713
710,CHINA,713,"TAIWAN, PROVINCE OF CHINA",201011,1,1,87,713
710,CHINA,816,VIETNAM,201011,1,1,42,816
710,CHINA,820,MALAYSIA,201011,1,1,13,820
710,CHINA,830,SINGAPORE,201011,1,1,100,710
710,CHINA,850,INDONESIA,201011,1,1,74,710
713,"TAIWAN, PROVINCE OF CHINA",710,CHINA,201011,1,1,97,713
816,VIETNAM,710,CHINA,201011,1,1,42,816
820,MALAYSIA,710,CHINA,201011,1,1,16,710
830,SINGAPORE,710,CHINA,201011,1,1,67,710
830,SINGAPORE,816,VIETNAM,201011,1,1,11,830
840,PHILIPPINES,816,VIETNAM,201011,1,1,13,816
850,INDONESIA,710,CHINA,201011,1,1,70,850
710,CHINA,713,"TAIWAN, PROVINCE OF CHINA",201012,1,1,108,713
710,CHINA,816,VIETNAM,201012,1,1,24,816
710,CHINA,840,PHILIPPINES,201012,1,1,48,710
713,"TAIWAN, PROVINCE OF CHINA",710,CHINA,201012,1,0,12,713
713,"TAIWAN, PROVINCE OF CHINA",710,HONG KONG,201012,1,1,119,713
816,VIETNAM,710,CHINA,201012,1,1,24,816
820,MALAYSIA,830,SINGAPORE,201012,1,1,13,830
820,MALAYSIA,850,INDONESIA,201012,1,1,13,820
840,PHILIPPINES,710,CHINA,201012,1,1,51,840
850,INDONESIA,820,MALAYSIA,201012,1,1,11,820
